idx,kind,pca_pre_x,pca_pre_y,pca_rnd_x,pca_rnd_y,tsne_pre_x,tsne_pre_y,tsne_rnd_x,tsne_rnd_y
0,trend,-5.1162086,-4.544933,-3.3281815,-7.766159,-0.18552905,-26.211214,-3.1807337,-8.671811
1,trend,-4.58803,-3.9412344,-3.9460354,-10.533957,-1.9735736,-27.898378,-5.987974,-10.586096
2,trend,-4.440755,-3.9083018,-4.68425,-10.547027,-3.4094622,-28.65565,-8.4103985,-13.943853
3,trend,-3.917719,-2.0520017,15.645646,-9.638608,-6.5394244,-22.145699,7.691825,-19.717016
4,trend,-4.912661,-4.4383926,6.054391,-9.874751,-3.0552747,-29.662117,0.053634606,-16.84288
5,trend,-4.903492,-3.9531243,-0.8570281,-9.61843,-5.568333,-30.465233,-6.5977535,-18.365307
6,trend,-3.8768039,-2.7508447,-7.6900826,-10.129964,-4.182575,-21.258095,-7.6661124,-12.440655
7,trend,-4.574309,-3.672769,22.249958,-14.705156,-2.2625945,-24.76563,7.0935354,-17.50533
8,trend,-5.12911,-3.983143,1.2560472,-9.129773,-6.328888,-25.568125,-3.4993956,-15.6192255
9,trend,-4.3243313,-3.834893,-4.380064,-11.933611,-2.3495255,-28.68772,-5.946283,-14.640656
10,trend,-4.2771077,-3.5540473,12.912607,-10.496529,-5.856399,-27.784348,4.5708222,-16.13109
11,trend,-4.435901,-3.1998143,-11.441806,-6.832549,-3.0731077,-22.374166,-11.382295,-16.708546
12,trend,-4.50079,-2.8432765,-18.756062,-10.20446,-5.507774,-23.426744,-16.728354,-11.086519
13,trend,-4.3898005,-4.298834,-12.737358,-8.897568,-2.3058567,-26.93566,-11.814027,-14.320483
14,trend,-3.9705331,-3.7239566,-13.157264,-8.6787,0.25550002,-24.956993,-14.913127,-15.393544
15,trend,-4.6113973,-4.0272565,8.190704,-12.995661,-4.796707,-28.659082,0.8096725,-18.82689
16,trend,-4.8095894,-4.067596,-12.832203,-11.098118,-0.27073267,-25.544027,-15.088891,-11.030441
17,trend,-4.622623,-3.9724512,-5.817388,-10.20436,-5.19054,-29.325087,-8.073702,-14.680539
18,trend,-4.581615,-3.8643985,-2.6799014,-5.537508,-1.3784515,-27.633244,-8.443438,-18.283424
19,trend,-4.722479,-4.0583887,7.8191476,-9.940698,-1.4748454,-24.551027,-1.8655864,-17.67962
20,trend,-4.244677,-3.4438522,-10.601848,-10.312945,-6.70502,-24.048063,-15.830575,-11.554488
21,trend,-4.175679,-3.0934243,20.612518,-11.625604,-2.5156434,-22.107708,8.797171,-17.680864
22,trend,-4.6280704,-4.543611,3.5781174,-8.52872,-1.2341303,-28.280123,1.1824405,-12.7464905
23,trend,-4.3761535,-4.139758,3.5302248,-9.406501,-1.7168555,-28.582947,-3.7170658,-17.055447
24,trend,-4.73794,-3.9326806,-14.27704,-9.28459,-4.64453,-25.88831,-13.9504,-14.59746
25,trend,-3.599917,-2.0413451,14.725751,-9.773732,-6.445738,-21.48714,4.492439,-18.312054
26,trend,-3.4746356,-2.6647887,-0.8598529,-13.065705,-7.659171,-27.108744,-5.2053447,-16.577953
27,trend,-3.9852939,-3.4435387,4.6021543,-13.190855,-4.0602975,-26.686577,-0.55715406,-17.8933
28,trend,-4.7680683,-3.6943135,12.9608555,-10.346457,-2.4178257,-25.805239,2.1395152,-20.700535
29,trend,-3.4713569,-3.2121587,12.963886,-7.8095684,-8.024078,-26.537155,2.700615,-21.031168
30,trend,-4.8655643,-3.2589343,-20.95131,-10.573641,-3.9279182,-23.506477,-15.452988,-13.631487
31,trend,-4.4992547,-4.418041,-21.642162,-10.651215,-3.3765326,-27.024555,-16.174458,-14.447132
32,trend,-3.6590197,-3.8524647,-4.2704425,-5.851544,-2.6746974,-23.442194,-7.9943595,-17.383907
33,trend,-4.3511434,-4.179229,-1.3422626,-10.941299,-2.4050133,-28.072977,-4.502173,-17.613823
34,trend,-3.6539686,-3.6261706,9.65197,-9.5306225,-7.1800447,-28.091259,3.7144217,-16.538713
35,trend,-3.6630392,-3.9701378,-3.0044954,-8.249217,-4.5341597,-27.118126,-6.7019205,-16.194567
36,trend,-3.8791158,-3.7453766,12.120373,-7.1784678,-4.181348,-30.297482,2.1951942,-19.542004
37,trend,-4.3885813,-3.8532224,-13.335069,-8.975857,0.4296146,-28.64322,-14.680993,-11.851242
38,trend,-4.6311226,-3.9879792,-18.21498,-6.4105997,-2.4060557,-25.425558,-12.758763,-15.310797
39,trend,-5.498839,-4.4495444,-2.6641612,-7.970458,-2.4128528,-29.851347,-5.303334,-10.504731
40,trend,-4.8196864,-4.4118695,-6.752248,-8.505934,-0.5901383,-28.92535,-9.339123,-17.17416
41,trend,-4.3926067,-3.6005685,-18.800846,-11.650929,-1.498532,-27.525354,-15.236499,-14.416458
42,trend,-4.159506,-4.1200624,24.904528,-11.550334,-2.237244,-23.386179,9.596478,-17.397284
43,trend,-4.8104873,-4.1427007,18.409744,-13.23689,-1.1974761,-26.608112,4.6646323,-20.139414
44,trend,-5.1798205,-3.8037217,-9.106276,-12.053663,-2.6464543,-30.61387,-13.658516,-16.404352
45,trend,-4.205257,-3.8583448,19.823154,-13.31814,-4.7399673,-27.587545,8.619948,-17.174515
46,trend,-4.427872,-4.306442,-6.043051,-7.246984,-7.900775,-24.834915,-8.156365,-12.938855
47,trend,-4.138592,-3.2055101,13.63414,-9.486149,-5.6968036,-27.134375,1.5808527,-16.23108
48,trend,-4.3367276,-3.3487072,-12.838425,-6.406828,-7.5228024,-24.376228,-12.439025,-10.663247
49,trend,-3.3112383,-2.931878,-9.484678,-7.603616,-4.9240007,-21.985212,-10.191175,-11.155209
50,trend,-4.4443345,-4.6674438,-13.768531,-9.33282,0.87593603,-28.097906,-12.861237,-11.632988
51,trend,-4.6391754,-3.5579622,-0.5417789,-6.4175415,-7.1146226,-24.874949,-1.0034204,-10.859838
52,trend,-4.926848,-5.0467887,-19.666765,-8.773982,-1.4338555,-29.554632,-16.857983,-13.93675
53,trend,-4.5887594,-3.3343792,-5.0754347,-12.565602,-2.9709957,-26.065891,-12.051445,-19.685236
54,trend,-4.454819,-4.1891255,-0.64300716,-9.526199,-0.119977236,-27.678299,-5.6732554,-13.645054
55,trend,-4.1517296,-4.021678,7.793207,-10.883732,-4.5230694,-28.267057,0.47576034,-16.131548
56,trend,-4.230838,-3.4415917,14.91819,-9.902211,-6.271941,-28.8374,5.367992,-19.270758
57,trend,-3.9916584,-2.3290427,-5.961525,-12.705517,-4.376844,-21.405342,-14.904584,-17.801033
58,trend,-4.904975,-4.058649,1.5510203,-7.2237644,0.40284562,-29.309416,1.1118997,-11.675354
59,trend,-4.414334,-4.0212874,-10.902059,-8.371715,-1.4351791,-26.6189,-9.513131,-15.148461
60,trend,-4.275123,-3.4060278,-8.438275,-9.390969,-7.282689,-24.080975,-9.540776,-12.488239
61,trend,-4.099978,-3.53806,-2.7450485,-9.458264,-4.8573823,-31.06119,0.622672,-12.195256
62,trend,-4.2380643,-4.0491624,2.828133,-6.791318,-2.0883772,-23.050657,0.5689725,-10.3513775
63,trend,-3.5788186,-2.6444323,-10.466083,-8.82727,-6.770515,-22.220583,-14.297479,-12.013756
64,trend,-5.3479347,-4.3203855,-8.243335,-9.846369,-5.5428896,-24.402481,-7.0485673,-10.654817
65,trend,-4.2375174,-3.8907843,-15.609938,-10.699567,-3.0126126,-27.934263,-12.121363,-10.467934
66,trend,-4.588032,-3.6454978,9.209542,-10.189696,-2.4207492,-26.701506,1.88189,-13.277667
67,trend,-4.2215133,-2.6154478,-14.974091,-7.5311213,-3.048039,-21.932455,-13.939234,-10.086467
68,trend,-5.103216,-3.4057617,-5.0966926,-7.7160907,-4.467867,-25.126078,-8.710282,-16.875452
69,trend,-5.0211253,-4.6605477,5.1575403,-9.34013,-1.6116217,-30.373343,0.33324698,-19.231895
70,trend,-4.939596,-3.066613,5.4604936,-9.882521,-6.0892105,-23.801193,-0.5582672,-19.313414
71,trend,-4.7712536,-3.9554212,19.191818,-11.298384,0.14757739,-24.9493,6.2927527,-17.345085
72,trend,-4.576245,-4.055582,-9.355668,-6.4767165,-5.1003532,-28.95649,-10.222368,-16.685566
73,trend,-4.3713284,-3.9502306,13.6955,-10.195773,-4.1429787,-29.546793,4.560704,-19.500698
74,trend,-5.2675443,-4.412174,2.9624166,-8.571941,0.19102788,-26.618793,-3.1293364,-19.962284
75,trend,-4.391989,-4.1401253,9.888321,-9.756038,-4.3509607,-28.043705,3.2465825,-14.329276
76,trend,-4.6136127,-3.871657,-4.963983,-9.736956,-1.9394417,-24.898304,-8.908633,-14.054759
77,trend,-4.5418005,-4.523194,-9.312243,-6.904506,-6.801075,-25.670113,-11.005799,-17.466476
78,trend,-3.7434175,-2.9440808,-0.50987834,-8.895225,-4.2900915,-21.35123,-2.880762,-14.161493
79,trend,-4.77105,-4.1509085,-14.539603,-11.1103,-2.9471037,-28.994762,-14.201106,-13.7860565
80,trend,-3.3766162,-2.6396255,-3.5566413,-8.048633,-4.7628927,-21.043829,-6.32965,-13.426271
81,trend,-4.5420613,-4.4512525,-12.679373,-6.7288585,0.030104604,-28.186579,-11.44513,-15.660914
82,trend,-5.2100234,-5.092166,9.00073,-13.663554,-1.3534344,-29.972694,4.402968,-14.971093
83,trend,-3.9821403,-3.5446718,23.886883,-10.846875,-7.1283407,-23.720741,9.387372,-18.959057
84,trend,-4.900104,-4.6150527,-12.970307,-7.774942,-3.2656941,-28.984304,-12.667311,-13.834771
85,trend,-4.3675456,-4.280868,5.966308,-11.449034,-3.6449065,-27.775082,0.5130555,-15.864308
86,trend,-4.599147,-4.226797,12.102512,-10.323933,-2.493359,-26.438873,3.19202,-19.882782
87,trend,-4.037165,-3.0592105,3.5604277,-8.211103,-4.538159,-24.031689,-2.8776622,-18.575504
88,trend,-4.583722,-3.7425861,-3.5604434,-6.695641,-3.2822409,-25.08132,-7.6369214,-17.14696
89,trend,-4.1142383,-3.5968955,-15.2232275,-11.502861,-2.682158,-23.16309,-15.369817,-9.36901
90,periodic,7.796617,-2.1674914,-1.5796398,12.070529,27.404528,-5.2371974,26.954178,2.581327
91,periodic,7.7804832,-2.6186035,3.680327,12.050522,28.290663,-4.5229244,26.130798,4.693035
92,periodic,5.5561485,-5.213468,11.930785,8.758078,31.821234,-11.111027,21.414469,5.5582848
93,periodic,6.9392605,-3.498608,-3.2157376,7.474223,33.09779,-10.669268,19.765274,-0.50197035
94,periodic,-2.254849,-0.12352782,5.01188,-2.309783,-21.261486,-0.687992,5.189971,-6.982082
95,periodic,7.5941677,-3.7568653,-26.253647,1.8625945,33.114914,-9.693789,-24.317823,2.2434833
96,periodic,0.14273082,2.8416595,25.058691,3.024592,-14.38867,16.227514,16.76962,13.976153
97,periodic,7.977912,-1.5936955,2.5517542,9.645282,28.561815,-4.1166005,24.772472,-2.7971647
98,periodic,-1.2088419,2.535302,-3.6290288,0.94207317,-10.0347,17.132608,-6.5253663,5.59007
99,periodic,8.635573,-2.2801871,32.898037,7.696315,36.00994,-8.51591,19.997997,12.35993
100,periodic,-2.5497873,0.59888726,-11.217045,-4.1493063,-20.115963,0.16246666,-15.573874,-1.881895
101,periodic,-1.2826531,1.6526822,-8.104625,-3.995494,-20.639872,2.1957047,-11.050135,-4.504781
102,periodic,7.9165134,-1.568642,8.217061,11.988162,27.743782,-3.4273164,23.530779,5.8470683
103,periodic,6.1546073,-4.57032,-13.66636,5.3168416,32.089035,-10.795348,-4.579942,1.5587047
104,periodic,-0.9401644,3.1134145,-10.822631,4.5500736,-8.63799,17.113708,-8.50949,10.207771
105,periodic,8.477282,-2.0521467,1.3343246,3.286974,35.416294,-8.809668,17.033043,2.7930706
106,periodic,8.172016,-2.6628475,3.251624,7.9848742,34.890335,-8.4445715,20.152185,1.0972509
107,periodic,-0.19720007,2.5345514,11.64671,3.182806,-14.021621,16.318663,13.851338,11.803472
108,periodic,9.140632,-1.4612769,11.8198,4.189309,35.7702,-7.9054365,17.591215,4.719127
109,periodic,-2.2231865,1.6530408,6.056388,6.034423,-10.133664,17.255936,14.1015415,5.715145
110,periodic,-1.4783722,3.3891869,21.063492,1.886143,-7.844958,18.13653,14.85878,13.700352
111,periodic,-2.7274418,0.9756024,12.225995,-4.733792,-22.124208,0.625846,7.312653,-3.7257178
112,periodic,-1.3479275,0.7877993,3.1062129,-5.869534,-20.50653,-0.9768767,4.6263704,-4.8380337
113,periodic,7.218455,-3.6640995,-20.144854,8.864002,33.388966,-11.018965,-22.619741,3.824542
114,periodic,8.42356,-2.4043527,-11.57753,6.4457555,34.657387,-8.981847,-3.1966941,3.6638567
115,periodic,-2.0896301,1.0419067,-12.074505,-0.4181362,-4.204846,13.292695,-7.2891793,9.878607
116,periodic,-0.97104025,3.7195146,35.355865,4.9001837,-7.081058,18.085875,19.231377,15.936089
117,periodic,-0.5692461,2.3032262,-13.9874325,-0.7832873,-13.958801,16.489563,-15.384903,0.052241337
118,periodic,8.102529,-1.4178344,-6.502782,12.0870495,26.852278,-3.6366901,24.391161,-0.48198065
119,periodic,-1.472772,3.787012,4.9186373,1.824773,-11.246969,18.711414,7.8004766,5.707645
120,periodic,-1.2157618,2.7995186,18.67956,-4.994475,-17.662771,5.952083,12.398058,-12.903603
121,periodic,7.4212556,-3.0852423,13.138992,5.614677,34.470802,-9.745413,18.144564,5.2060113
122,periodic,-2.1211486,2.1921318,-4.9910436,1.2564018,-18.711905,5.916809,-6.2671237,-0.9208532
123,periodic,-1.4766691,2.4283366,-20.171444,-2.0728762,-4.499824,14.475411,-18.231066,0.7823976
124,periodic,6.2701225,-3.6065922,-1.4803692,14.91218,28.708939,-8.09786,24.835941,2.813748
125,periodic,6.7138386,-4.026964,-1.199725,9.476363,33.00609,-11.115736,21.37319,0.104724735
126,periodic,-2.443481,0.91347563,-6.1694965,-0.80216557,-21.442139,0.22097342,-0.7143956,-1.3525097
127,periodic,-0.38429016,4.425733,-7.0093427,3.53218,-11.491473,16.378292,-5.093394,8.489424
128,periodic,6.333149,-4.3916907,22.21879,11.683883,32.666595,-11.292114,20.45906,11.452959
129,periodic,-2.3430007,0.86567473,-2.0455854,1.2072624,-21.339277,0.6134192,2.4999173,-0.44371486
130,periodic,7.1438656,-1.8091072,19.712404,8.438114,26.743486,-6.324611,22.589325,14.143001
131,periodic,-3.282891,0.18590924,-2.8902962,-4.6080055,-22.982718,0.9892631,-5.4526935,-5.8263936
132,periodic,-0.9712441,3.466637,15.249511,1.1531926,-8.562105,18.09935,16.23633,11.884959
133,periodic,7.3249745,-2.5554757,8.570351,11.517507,27.19088,-4.295556,27.097588,6.954599
134,periodic,-1.1101855,2.5199475,-26.56971,2.0215068,-20.830364,3.0866532,-21.078264,0.6191657
135,periodic,-0.52442986,3.2450233,16.85396,-0.7322725,-13.996784,16.341927,14.88859,12.145894
136,periodic,-0.7275304,4.16216,6.3057275,6.271349,-11.793649,16.831,10.457526,10.304618
137,periodic,-0.5811081,2.6387503,2.8731503,-2.5000148,-4.575964,14.331835,2.821603,7.4566693
138,periodic,-2.170408,-0.19158164,-17.57969,-0.23008558,-21.616116,-0.3929832,-11.382135,-0.1989708
139,periodic,-1.3011936,2.905303,2.9660685,5.5022864,-9.114845,16.94565,11.603235,6.6993494
140,periodic,-1.1622087,3.8241944,19.723352,4.9316516,-8.853582,17.929869,16.506134,12.29785
141,periodic,8.646924,-2.3469408,-11.445089,9.801204,35.82752,-9.275054,-4.3026643,4.2501454
142,periodic,8.596405,-1.9877998,-25.27995,6.897656,36.106876,-8.846842,-24.565628,3.7404473
143,periodic,8.386121,-1.809383,-1.8129088,9.810688,26.985636,-3.683535,26.27161,2.445955
144,periodic,8.891971,-0.6963375,-19.251003,8.620907,29.4087,-2.3031898,-23.875526,6.615883
145,periodic,-1.3337966,3.5988097,8.356117,-0.056612868,-18.194736,6.155864,10.279436,0.80649704
146,periodic,-1.2537848,3.5972044,-3.3118827,6.516387,-7.373619,17.482523,-4.087271,12.200976
147,periodic,-1.8362119,3.4557886,-20.271873,0.01679232,-11.321572,18.784695,-17.681965,1.132139
148,periodic,-1.8182912,1.5836213,6.6618943,-2.0828388,-4.1349664,13.487444,1.9515032,-17.753172
149,periodic,8.98627,-1.5085323,18.231709,3.3516226,36.03975,-8.171357,17.827301,6.1862917
150,periodic,6.1724176,-4.1946564,-2.383986,7.0639825,32.766647,-10.942028,21.73064,0.88972044
151,periodic,-2.0525205,0.08685665,14.2338915,-2.6930633,-21.48427,-0.2863933,10.3689,-6.359053
152,periodic,-1.4828033,2.6159105,9.256713,2.2443154,-4.678945,14.284009,9.4753685,6.383102
153,periodic,0.06504499,3.2060297,-0.50112104,3.8706393,-13.942766,15.9824705,12.746621,4.8523088
154,periodic,7.581026,-1.1942769,-14.2891245,8.659247,26.11465,-5.166542,-18.302942,8.119516
155,periodic,6.9984837,-2.5496674,29.952406,7.1753407,27.31245,-6.200988,20.90527,15.226718
156,periodic,0.41039845,3.274202,-22.567799,7.7329216,-14.669075,15.316356,-20.844603,2.6537838
157,periodic,-1.4490179,2.2527676,-23.90473,1.282001,-4.5405736,14.254333,-18.746048,2.742394
158,periodic,7.0483165,-3.624425,-25.192276,5.0730743,33.234566,-10.872206,-23.740673,2.9903042
159,periodic,6.9763927,-2.7063036,-8.839016,7.502886,26.965527,-6.5560517,-17.52482,8.4011755
160,periodic,7.912303,-2.3896239,5.6217875,7.1997933,34.658443,-9.273064,15.838859,4.571045
161,periodic,-3.02693,0.28153047,25.599163,-7.087501,-20.855537,0.09709791,14.589118,-9.844043
162,periodic,-2.2732747,0.022391273,-9.852218,0.8458138,-22.671368,-0.2567088,-8.82124,0.7932803
163,periodic,7.0706286,-2.9512997,-2.5425808,10.17907,34.70874,-10.229323,20.149817,-1.6222187
164,periodic,-0.5917864,3.1679096,11.040756,-7.6431513,-17.169983,6.14319,6.655927,-15.012141
165,periodic,-0.9338088,3.7766683,-8.992115,5.5982723,-7.5820465,17.68772,-10.932128,7.129222
166,periodic,7.2241125,-3.3076303,-8.180743,7.378773,34.328243,-10.309095,-3.4805527,2.3121462
167,periodic,-2.5705569,1.410721,8.343151,0.72901434,-4.334538,13.091703,8.496328,7.6174145
168,periodic,-1.9150598,2.7393274,-11.163293,-2.6132119,-18.486479,5.9354534,-12.139207,-4.223214
169,periodic,-1.2468566,4.0321064,-33.024227,0.16147736,-11.478431,18.85062,-19.279196,4.209842
170,periodic,8.91959,-1.5962561,-3.0458598,2.9513597,35.52765,-7.9836144,-2.07825,4.041837
171,periodic,7.767725,-2.4356806,16.021227,10.911544,27.373972,-5.3705297,22.248112,10.4550705
172,periodic,-0.43292528,3.6975455,6.4729667,6.455271,-14.7600765,16.118675,11.728563,6.9501743
173,periodic,-0.2674374,5.009676,2.3325236,3.9119718,-11.993661,16.388632,0.7329328,18.534575
174,periodic,8.0549555,-1.9257828,13.594384,12.214451,28.399727,-4.354718,27.72476,7.806922
175,periodic,8.285364,-2.3082576,27.006794,10.273819,34.845554,-8.310049,21.57094,12.620248
176,periodic,7.4004593,-3.696651,-2.2073054,1.8652284,33.154663,-9.851076,21.64115,-3.8755255
177,periodic,-3.206147,0.3010411,4.5109525,-4.231362,-22.148874,0.5183508,5.447017,-4.7317457
178,periodic,7.0728493,-2.9740841,-25.4567,9.053586,26.741829,-6.5528665,-20.303793,7.4669685
179,periodic,-1.5776592,3.7047534,-11.730504,3.666412,-11.253506,18.701218,-12.697585,9.220939
180,local,1.9571137,4.7384286,-6.1158013,5.3504505,-14.393051,11.269193,-5.6331773,14.297852
181,local,8.815397,-0.027783392,10.097158,9.634475,30.778803,-1.7684101,17.507874,8.829832
182,local,8.184967,-1.4804536,25.283918,10.236439,29.43788,-5.569542,19.023062,14.142144
183,local,9.424919,-0.18690623,21.114082,14.27968,31.761362,-2.6295338,22.24873,12.507233
184,local,0.42279795,2.6061666,-9.494195,0.8719197,-12.228229,10.451659,-9.943042,5.7107487
185,local,8.719112,-1.3304617,10.45792,11.125686,35.66479,-6.4076223,20.513512,5.579918
186,local,7.684763,-1.4388533,-19.43534,6.3443036,29.172043,-3.9718156,-23.454145,5.175963
187,local,0.1392351,3.3349214,-9.216569,6.5133567,-13.678074,12.68214,-9.003191,8.090847
188,local,-0.21118468,3.7285616,11.045791,7.0611615,-10.274219,11.820657,16.273079,8.579832
189,local,-0.42352682,4.129404,-4.976541,2.7410488,-11.392419,12.968632,-3.7305837,7.323873
190,local,8.211648,-1.292913,6.945746,14.866021,31.636261,-4.6321545,22.84332,7.5194983
191,local,8.139294,-1.2301507,-9.665503,13.62274,31.066015,-4.897256,26.88265,-0.47771358
192,local,9.861923,-0.09504925,10.339152,17.130877,33.92712,-3.020793,22.859903,8.124028
193,local,9.704318,-0.99670637,6.617069,9.197918,35.307446,-5.92728,18.670328,3.303794
194,local,7.058501,-2.437215,-18.469763,7.7689447,28.072395,-6.693106,-19.569347,8.057973
195,local,7.988274,-1.0249134,-15.247946,11.853337,32.241707,-4.727183,-25.086359,6.2706656
196,local,8.625042,-0.974508,-2.691346,12.835528,30.346478,-3.244565,25.374456,2.5826187
197,local,7.4248667,-2.9519823,-4.1005406,7.596515,32.947903,-7.9915667,22.927893,-1.4839978
198,local,7.2771883,-2.8726676,-26.862549,10.013134,29.617037,-7.0345016,-21.903135,7.1882534
199,local,7.9773912,-1.9709044,-1.3317554,10.38379,30.023163,-7.2110367,27.548754,1.2857805
200,local,8.327775,-2.4808276,9.278102,3.5902708,33.940166,-7.7371416,15.969169,4.896679
201,local,9.849413,0.17088756,22.38067,14.7328205,31.894295,-2.0457242,23.850693,11.470932
202,local,-1.924662,1.8551368,0.8407336,5.6937785,-17.590834,4.144138,5.957645,4.3613462
203,local,9.10532,0.39515293,10.699669,13.779116,32.60053,-3.3818014,25.156326,9.432898
204,local,8.116936,-1.8463427,-0.12076509,11.325223,29.863771,-4.364605,27.442362,2.7785933
205,local,7.0525026,-2.0963778,-12.700716,7.9020724,27.82116,-6.739958,-16.63147,8.924999
206,local,8.377053,-0.50512844,-8.840312,8.346679,32.585186,-4.611029,26.553797,-2.3414843
207,local,7.0029545,-2.4046214,-20.692436,9.044162,27.747543,-6.7759886,-20.472925,8.247313
208,local,8.203677,-1.3189212,-21.974962,9.732282,29.007607,-3.434277,-24.528149,4.960798
209,local,-1.3828783,1.3816627,-7.7136674,-3.1086428,-3.3019667,13.528086,-9.394514,4.127766
210,local,9.235377,-0.13108036,-2.8242247,11.838451,32.9241,-2.5501947,23.816635,1.2396699
211,local,0.4036309,5.392681,22.204235,5.3630896,-11.986399,11.624996,16.523718,16.564701
212,local,8.221524,-0.25640592,-8.542352,6.359634,30.51834,-1.5905855,-13.159451,7.596094
213,local,1.645787,4.6753883,19.275608,4.9810843,-14.142778,11.613152,14.234841,14.322227
214,local,-0.9747187,4.0772905,1.7650219,2.21102,-8.753634,14.854907,3.3413079,11.75809
215,local,1.1748366,4.45799,-7.944648,6.974883,-12.890269,12.25092,-10.031898,8.631982
216,local,0.41679648,3.167763,-5.450215,-0.14769524,-15.603175,6.4765234,-8.057745,0.50366443
217,local,7.720059,-2.0958202,11.951739,8.851033,33.251125,-7.7608156,19.68571,5.326793
218,local,0.12667663,3.110565,-8.569205,-1.0700231,-15.70624,6.694728,-9.050113,-4.136104
219,local,-1.5519353,1.7362946,-15.040585,-3.5874946,-17.290115,4.3359556,-13.124638,-2.671572
220,local,-0.8033354,2.9170613,5.369204,-1.0371053,-9.5374775,13.506859,3.31703,8.649953
221,local,8.15705,-1.9814702,13.87949,15.205092,30.286884,-5.094648,26.545908,9.353406
222,local,8.853049,-0.14693545,9.688667,10.15364,33.331097,-4.0486627,26.280607,7.1822896
223,local,-0.8580951,3.450269,-1.6086421,-2.2127578,-9.768412,13.633921,0.7476588,8.452471
224,local,-2.257983,-0.20672064,23.080801,-2.817076,-18.74153,-3.0656977,13.19705,-9.301233
225,local,0.6871664,3.1152706,-9.866048,-0.105235755,-14.9044485,6.572802,-8.503534,-3.5128706
226,local,0.02068113,4.261177,-8.737964,2.5073307,-11.352743,12.521682,-12.648505,5.8376617
227,local,7.861014,-1.5327729,16.065233,13.006002,30.1289,-4.1890593,25.667543,7.4911127
228,local,8.333731,-0.91095775,6.1741953,14.37296,30.17093,-3.316976,24.119188,5.529884
229,local,7.3452015,-2.0799794,15.584173,12.953837,29.425919,-6.556369,24.2406,8.148692
230,local,1.2298435,3.1706588,-15.808857,4.2264175,-13.947669,12.442464,-16.64728,4.6596937
231,local,8.790895,-0.8536389,-7.2823906,14.445159,30.31126,-3.1313593,25.40463,1.0906303
232,local,-1.8980702,2.50227,3.9530866,8.586108,-8.086231,14.641267,5.534679,5.7258267
233,local,0.8649745,3.5516386,-3.9076788,5.532283,-13.710413,12.887401,-7.5453334,7.2496743
234,local,9.119582,-0.88945615,-5.3680463,8.58375,35.312572,-4.928097,20.907312,-0.7973674
235,local,0.51747495,5.2012014,-0.9305301,-0.59499353,-11.439729,12.229828,-5.052073,20.627932
236,local,-0.9470045,1.9235301,1.185515,-8.299544,-17.808283,2.678063,-0.67145044,-8.909537
237,local,-1.1261649,1.4244113,-4.09603,-0.1140915,-2.5294666,13.549682,-8.871109,4.100918
238,local,8.361777,-1.5118108,20.171465,13.181625,29.741922,-5.757763,26.161917,10.871019
239,local,-0.95948607,1.396026,-1.1993159,-2.8774505,-18.47074,1.8458086,1.3737632,-1.8576944
240,local,0.41237634,2.4934924,-4.487341,1.9485484,-14.441217,12.979528,-7.9239497,3.6028063
241,local,-1.5028943,1.5763232,-9.854509,-8.125052,-15.93988,2.7201679,-9.512718,-5.5674214
242,local,7.125975,-2.087585,0.3673431,15.125624,30.683435,-5.9011226,25.684488,3.5737944
243,local,1.6724788,4.459173,-19.461746,6.494111,-14.514371,11.670725,-21.894342,2.3369687
244,local,-1.2406248,2.9264812,6.6428003,-0.05438514,-17.414528,5.143303,6.902719,-3.085475
245,local,8.725769,-0.49605396,9.326276,9.7357855,30.45327,-2.11137,21.553844,8.827059
246,local,-0.5039331,3.4657135,11.524581,-3.8769472,-9.839886,13.4098625,10.84068,14.52259
247,local,7.378339,-2.109242,-27.409185,5.6436434,28.305538,-6.7042933,-20.828045,5.9944844
248,local,-1.7485154,4.263331,4.689133,1.0265186,-8.968818,15.644571,10.197693,5.0603313
249,local,8.867919,-1.4440682,-11.914483,9.634844,34.237732,-6.747157,-3.9666758,2.1373277
250,local,9.776973,-1.4905978,-8.216046,5.798918,34.82438,-5.898309,-3.4310453,4.3312845
251,local,-2.216245,0.44379795,-0.6592725,-5.684595,-18.404228,1.8633584,-1.613218,-4.94478
252,local,9.576381,0.18627039,-19.512579,9.474117,33.142548,-2.7044752,-22.732697,5.1780415
253,local,-0.28405154,3.2974577,8.063314,-1.793433,-16.934261,6.6939526,9.5187235,3.0954728
254,local,9.459588,-0.4801081,2.9724662,9.994205,34.949223,-4.6921616,20.16217,2.0980217
255,local,-0.92633086,4.1484385,11.374113,8.015767,-9.777274,14.892699,13.554462,9.310729
256,local,8.795418,-0.7931432,-0.33953398,14.723211,31.402603,-3.8603113,28.512552,1.9824048
257,local,0.73896855,4.0373535,-10.616584,6.7532945,-13.494785,12.494593,-10.588558,9.986248
258,local,8.76147,-0.64283174,13.034761,15.7971945,32.74787,-3.8974268,23.954115,9.611535
259,local,9.942176,0.5555826,28.726984,11.553857,32.641727,-1.7943742,19.913471,14.6269655
260,local,7.552307,-2.7463536,-4.4995522,4.7233553,32.912292,-7.7727375,21.236624,-3.1424747
261,local,-1.16102,3.6674924,-5.719879,4.0136957,-8.484786,15.021694,-9.236769,11.585293
262,local,8.971916,-0.9537145,3.303793,8.825402,31.47166,-2.714161,27.967863,3.6194334
263,local,0.7986098,4.5475664,-19.427866,4.1832113,-12.365537,11.93371,-20.023283,1.7149891
264,local,0.050973795,3.9442432,14.68452,3.7885249,-12.778554,13.904049,12.847042,13.660129
265,local,7.9068804,-2.1712325,-16.926168,6.62024,33.890488,-7.057611,-22.008589,4.096934
266,local,0.3508275,4.447625,6.3260155,3.2357638,-12.032303,12.181674,5.7181787,11.315869
267,local,8.973674,-1.0657369,-4.29491,7.331392,35.699554,-5.3023286,21.363367,-1.0933074
268,local,9.750869,0.1770157,-18.399317,9.06343,32.32667,-2.46171,-24.530018,7.301184
269,local,8.1203375,-1.3291807,1.9094973,13.149053,31.21177,-4.497271,24.413841,3.9381135
270,mixture,-2.1754415,0.44651997,-4.933224,-7.9239016,-18.066628,-7.197852,-1.6054409,-10.174009
271,mixture,-0.5902106,1.3234475,-16.629496,-2.3800933,-14.937416,0.74342436,-13.712953,-2.5312493
272,mixture,-1.6313124,-0.6653251,4.187786,-4.8681793,-15.770926,-4.151788,3.0951424,-10.748116
273,mixture,-1.9878091,-0.2983343,-10.256127,-4.4483023,-19.715618,-6.197097,-10.436571,-2.0889454
274,mixture,-1.3333746,3.4631352,7.329152,2.2987413,-8.48865,16.367481,13.140008,10.250404
275,mixture,-1.3880967,-0.3526392,9.032506,-1.6309929,-15.678364,-1.0635377,9.348637,-1.7153333
276,mixture,-1.2606275,1.8716034,-5.3174124,1.0637592,-15.408428,4.327937,1.0292727,1.3626473
277,mixture,-0.1084107,2.2097983,10.018691,1.1023948,-14.994073,5.5212226,10.019845,4.866396
278,mixture,-0.33845893,1.2505418,-1.0898974,-3.847063,-14.869287,0.57232237,3.7967992,1.8585861
279,mixture,-2.0718503,0.073716015,-1.8200082,-4.5660257,-14.743522,-1.4333509,-1.5564817,-7.074713
280,mixture,-1.5051334,0.19732535,-1.0869329,-3.8176138,-14.872421,-0.84301335,-3.3044918,-6.28815
281,mixture,-2.0545232,-0.3071805,-9.550846,-7.0823493,-15.075514,-2.6751647,-9.863902,-5.7907825
282,mixture,-2.026079,0.26182115,-4.5647345,0.4257868,-15.808653,-0.4251316,0.9005314,0.88876617
283,mixture,-2.7845163,-1.2052102,-10.759803,-2.0735552,-20.943708,-5.0806837,-10.239951,-3.4983127
284,mixture,-2.383521,0.45439398,4.732961,-2.1014059,-22.575468,-2.1427612,6.6352134,0.84012574
285,mixture,-0.49451584,1.285843,-6.703042,-2.2657049,-15.073325,0.61574703,-0.037249148,1.1652877
286,mixture,-2.0944097,-0.55347174,15.676225,-4.6553006,-15.511832,-2.1746428,11.852589,-10.71872
287,mixture,-3.0130901,0.36322325,18.39988,-8.671068,-14.208445,-2.61195,14.631884,-12.417266
288,mixture,-2.376331,-0.57105535,14.773396,-4.996713,-20.752525,-6.604532,11.058682,-9.906441
289,mixture,0.5263416,2.3437355,15.028938,0.6260288,-14.617942,5.6870236,13.882439,2.8264313
290,mixture,-0.9885767,3.5740798,13.179651,4.1030326,-8.341518,16.686901,13.848905,9.156642
291,mixture,-3.2177877,-1.8959473,-19.998981,-5.027256,-14.305305,-5.168607,-17.16673,-5.403199
292,mixture,-2.8877628,-1.1430851,-12.435853,-6.6017575,-20.547218,-7.8614106,-10.978872,-2.5698156
293,mixture,-1.8664095,-0.4717795,7.5601244,-4.103248,-17.725609,-7.2877955,3.3209066,-11.408794
294,mixture,-2.690751,-1.3270402,7.5805387,-8.704416,-21.348133,-5.3611336,7.2400036,-10.071029
295,mixture,-2.420275,-0.28494492,22.066832,-6.8230014,-15.536282,-2.4290514,12.877151,-13.107121
296,mixture,-2.1843772,3.6856518,-4.5080533,4.9465327,-7.2907133,16.793009,-2.9742079,9.454795
297,mixture,-2.5700686,0.3201825,6.037725,-0.85278314,-22.168758,-1.6176591,6.966441,0.22811627
298,mixture,-0.9964259,3.4773476,4.308328,5.4560604,-8.429786,17.03935,12.525759,8.928502
299,mixture,-2.4540157,-0.982796,-2.7485483,-1.4146473,-21.19018,-5.9745398,-9.661082,-0.87640274
300,mixture,-1.2578156,0.549182,3.6776412,-3.6242778,-14.577,-0.37764913,4.1909814,-2.3859015
301,mixture,-1.1940318,1.7725949,6.0698133,-0.25242805,-20.689802,2.77398,5.594462,-1.7197417
302,mixture,-2.2739656,-1.2291096,13.854288,-6.4792013,-21.460102,-6.7745466,9.3747225,-12.350106
303,mixture,-2.643751,-0.04118564,17.52227,-8.502144,-19.905972,-4.922162,12.5267725,-10.3699665
304,mixture,-2.8059883,-0.48960885,-10.393419,-0.5690582,-21.61487,-1.8527853,-12.83838,2.496755
305,mixture,-2.4523456,0.0013613193,1.0966746,-3.245381,-16.519367,-1.2171823,5.4255853,1.4061486
306,mixture,0.8043382,3.7407765,-6.9831834,2.3274384,-12.282632,13.528439,-5.325578,10.054623
307,mixture,-2.5138135,-0.2566437,0.40955806,-5.5122957,-18.340666,-6.2037926,4.494509,-7.6581807
308,mixture,-2.2909527,-0.023100754,2.9540668,-5.148858,-15.546226,-4.23579,1.1490326,-8.809815
309,mixture,-1.6540585,0.17669605,4.34112,-5.683909,-21.865435,-1.4672111,1.6625897,-5.382041
310,mixture,-2.5178268,-0.47039476,16.222784,-9.209399,-20.189547,-6.6437473,9.021089,-13.014076
311,mixture,0.38768014,3.7430074,-8.100519,6.025144,-12.137107,13.722547,-12.740909,5.938753
312,mixture,-3.8382707,-1.474398,-3.198668,-6.1882253,-19.94027,-8.781925,-4.849695,-8.400246
313,mixture,-1.1874492,3.6953142,-8.388045,2.912758,-7.8993034,17.186253,-8.916347,8.056549
314,mixture,-0.29994205,2.289199,-16.468203,-1.7499807,-14.968855,5.1957498,-16.271984,-1.8809072
315,mixture,-1.5959438,1.4973973,6.8984003,-0.77385557,-23.063917,-1.2108109,7.9181046,0.14240465
316,mixture,-2.4020088,-0.41261935,10.088896,-7.9253583,-20.46082,-5.81583,7.2952194,-10.307119
317,mixture,0.44393283,4.074956,18.645254,4.876797,-12.335326,13.71677,13.399906,15.640119
318,mixture,-2.5175617,0.13821264,6.139375,-4.310885,-20.116592,-5.144599,1.5723897,-5.3349957
319,mixture,-2.3616004,0.8199183,19.978436,-1.7913141,-21.700384,1.3755032,13.360377,-7.8002415
320,mixture,-0.8081276,2.994119,-10.965193,-2.987067,-15.814646,5.2971954,-13.723269,-1.4005831
321,mixture,-1.7581946,-0.7495851,-1.1312627,-2.4782522,-16.416172,-2.044571,2.484225,-0.61158395
322,mixture,-3.137585,-0.92425746,16.572134,-4.866546,-21.152046,-7.077313,10.233059,-10.71902
323,mixture,-1.291181,0.42122728,-19.409416,-5.3223085,-15.777877,-0.57628816,-16.345072,-3.7659023
324,mixture,-1.277655,0.15600155,14.695796,-2.4572976,-15.641658,-3.8218336,10.196686,-7.113763
325,mixture,-2.12657,-0.19696502,13.782022,-7.922086,-15.956233,-1.9697776,12.1696415,-14.319472
326,mixture,-1.798025,-0.36667112,16.989965,-4.3757453,-15.344797,-1.7698748,11.260196,-9.465092
327,mixture,-2.6456032,-0.57347715,5.845086,-5.4080124,-20.932798,-6.305984,3.886497,-8.02086
328,mixture,-2.4497862,-0.67134434,-16.434353,-7.155462,-18.617382,-7.5388846,-16.313362,-10.127592
329,mixture,-1.7748016,-0.43483424,7.1294656,-8.266825,-19.036034,-6.861053,4.155132,-12.757775
330,mixture,-2.0056121,-0.91726726,-13.341572,-3.7228024,-16.75027,-2.1563885,-14.755367,-5.058263
331,mixture,-1.3813721,2.5276282,-0.58604974,0.27036837,-15.463921,4.4077697,4.156238,3.012237
332,mixture,-2.0306942,-0.30936658,-9.806349,-7.405928,-19.861681,-6.517841,-8.715997,-6.686724
333,mixture,-1.0656856,3.5341177,-25.255903,3.5407138,-7.8991714,16.231638,-18.996649,2.782571
334,mixture,-0.21918547,2.7480767,-10.656305,5.9067693,-11.744602,14.092724,-14.4329,9.17445
335,mixture,-2.5067134,-0.933619,-11.992354,-0.7670393,-21.241056,-5.6163497,-10.545967,-0.21245843
336,mixture,-1.1145598,1.8052443,0.677933,-0.6254201,-16.093546,4.6250834,1.6626467,0.088722125
337,mixture,-1.9327372,-0.2875827,-2.3415215,-4.226008,-16.743822,-1.7364749,2.4076624,-3.3863518
338,mixture,-2.9988415,-0.3449495,11.530518,-5.1222625,-19.29666,-8.115682,9.237492,-8.531589
339,mixture,-2.728824,-0.41281834,6.798922,-11.266229,-20.093489,-7.453354,5.121694,-11.783407
340,mixture,-1.8911041,0.32387367,-1.1670368,-0.29081252,-22.211552,-1.2311616,3.7889915,2.9662414
341,mixture,-2.6450448,-0.6506272,16.078224,-8.167324,-20.534912,-6.150242,14.728911,-12.467054
342,mixture,-2.042592,-0.36846405,28.679544,-4.0132756,-17.502314,-2.087289,15.18303,-7.636063
343,mixture,-2.802089,0.3009213,1.9258064,-1.2549076,-17.541845,-1.606206,2.4423506,-3.2359214
344,mixture,-4.2792773,-2.7893424,19.520817,-9.114079,-7.98172,-23.36751,8.463502,-19.388836
345,mixture,-1.474647,0.3935998,-16.746193,-4.7620997,-15.8866625,-0.61094695,-16.069635,-4.3051434
346,mixture,-4.097421,-2.4373097,-0.86836404,-8.363645,-8.436102,-22.665964,-5.207387,-11.807877
347,mixture,-3.526247,-2.3054948,-13.285252,-10.107125,-14.113857,-5.3473864,-11.414953,-9.4452915
348,mixture,-2.7315385,0.14863272,11.772137,-4.3057184,-22.946552,-2.0243385,9.649464,-2.2599452
349,mixture,-1.8697729,-0.06778732,-1.3776156,-10.360516,-15.6377735,-3.927952,-3.7147102,-12.160538
350,mixture,-2.0948133,-0.5729434,-24.848814,-0.21329255,-21.86269,-5.5715766,-20.633305,-0.75491
351,mixture,-2.643914,0.30905125,28.778389,-1.5034182,-23.729591,-1.189681,15.938826,-7.429363
352,mixture,-2.7099054,-0.3698252,2.7284863,-5.6801553,-20.635597,-6.338204,2.5991437,-8.038276
353,mixture,-2.7178178,-0.5227324,-22.400545,-5.786526,-15.150159,-3.4802861,-17.804913,-2.8916597
354,mixture,-0.60927933,2.52292,7.6908402,-3.2110245,-14.997604,5.082599,-1.8249178,-21.289345
355,mixture,-0.58354557,2.825861,26.510046,6.6491394,-11.695681,14.780558,16.81012,16.71024
356,mixture,-0.8905334,2.544829,14.893059,-4.3531804,-15.480962,4.9647017,12.975911,-11.502486
357,mixture,-1.38681,3.14533,-29.82729,1.4051636,-7.555201,16.974941,-19.92018,4.451575
358,mixture,-2.196007,0.31700876,4.6839857,-2.9994357,-19.267836,-6.349112,3.9146988,-4.780437
359,mixture,-2.1780226,0.620786,22.401398,-0.20314832,-22.761257,-1.7889527,13.890845,-6.9931808
360,regime,-0.24075942,2.5182836,-9.876252,3.17039,12.882547,22.00075,-8.7685585,14.067614
361,regime,-0.30977017,2.9402683,-1.9223764,0.4053804,8.887521,20.931755,-1.3973588,17.381495
362,regime,-1.0462834,2.3148103,6.8886228,1.1609265,8.76439,15.86003,1.2516605,13.577179
363,regime,-1.0381233,1.6197069,16.022068,-3.6139104,5.0546236,16.515755,10.698408,15.717406
364,regime,-1.1412953,1.9858665,-16.040018,0.036758963,8.162779,17.53837,-12.860506,13.330917
365,regime,-0.93752086,1.9966402,-2.2719984,2.7697365,6.477296,17.480528,-3.3281665,15.571791
366,regime,-0.4870987,2.724341,10.71383,-0.09158571,11.229883,20.378292,9.230385,15.456746
367,regime,-1.1321571,1.9536966,8.99419,2.842523,7.361999,17.451347,6.7630467,17.883467
368,regime,-1.2014614,1.8734695,-6.12499,1.2164853,4.80213,16.7039,-12.321661,18.006466
369,regime,-0.8645909,2.5006964,-6.1627607,4.8111954,6.29733,22.019415,-7.842907,15.383317
370,regime,-0.84427285,2.5507584,-0.42971942,0.8275602,5.464257,19.192242,0.89118344,15.258775
371,regime,-0.6473337,2.5923462,18.359299,1.8587918,9.083818,18.250391,11.907175,19.94343
372,regime,-0.3949428,2.5006413,4.785344,2.5224493,10.201685,19.801428,2.3241155,14.114295
373,regime,-1.6885287,1.1319942,4.925918,2.8787723,4.659091,15.02889,3.057015,15.522885
374,regime,-1.1785628,3.4769497,7.336249,4.50698,8.790926,16.944336,7.185416,15.442999
375,regime,-2.033018,1.0109065,-6.428927,2.5273128,4.046421,14.931146,-7.291193,13.725509
376,regime,-1.2050961,2.085095,0.7430479,1.2645667,6.578411,18.45935,-0.50390077,17.853025
377,regime,-1.6905996,2.2155132,21.37113,-3.1131744,8.301035,16.869013,11.322216,16.126978
378,regime,-0.90502596,2.0612872,-0.3227168,2.9689717,7.1215997,19.51914,-1.3424412,13.617239
379,regime,-0.5954163,2.0996978,-2.908366,2.8287737,6.90854,20.852098,-7.2908626,18.118006
380,regime,-0.30079988,2.9710233,7.422654,3.7238054,9.479657,22.175402,4.728654,15.084441
381,regime,-0.6002206,2.4966726,-18.630236,2.670063,7.2513113,18.122644,-16.744751,12.159968
382,regime,-0.78259826,2.2897425,-9.675579,4.9672613,6.1746645,20.19242,-10.0368395,19.135103
383,regime,-1.1776437,2.1883621,-12.25983,1.9745239,5.3862457,21.063416,-14.428938,14.757223
384,regime,-1.0726267,2.5170827,2.9491432,4.888132,6.6528654,18.526087,3.520415,16.3547
385,regime,-0.25756693,2.6597068,-14.547183,2.3427029,9.57259,20.659475,-13.584968,15.816086
386,regime,-1.068961,2.362747,9.789343,4.2977285,5.5547647,16.834349,6.268967,16.25884
387,regime,-0.9912634,2.4236898,3.4003088,1.4412214,8.126141,22.94448,-0.24965706,13.558938
388,regime,-2.056245,1.7188154,12.373704,1.3212947,3.7004514,15.041903,6.8139386,12.769879
389,regime,-0.5157699,2.5714757,0.13481033,4.2718267,10.280025,19.670967,-0.6735018,16.093746
390,regime,-0.83863604,2.3755744,-14.623561,2.8769205,8.054105,18.15109,-11.711379,13.975168
391,regime,-0.9430533,2.0407803,-8.330494,2.4395344,10.820531,18.888918,-11.996021,17.767162
392,regime,0.1196139,3.5080647,4.1769624,3.2214575,10.335273,22.644901,3.3221564,13.010654
393,regime,-0.37772605,2.738798,-11.575249,2.8363764,7.5801644,21.872599,-9.851484,14.785553
394,regime,-1.503229,1.8086748,-12.877436,3.6542614,4.0369086,16.862572,-11.220739,14.7329855
395,regime,-0.85835725,2.7187414,-12.785847,1.9440869,9.69128,17.294846,-14.221514,16.611374
396,regime,-0.30974784,3.1985364,-6.105384,2.0578434,9.8068075,22.68674,-2.010324,13.452462
397,regime,-1.1930153,2.0273852,-7.7422857,1.0617232,7.290923,17.115723,-7.9913616,12.6766405
398,regime,0.24865033,3.0471573,2.5465584,-0.9011314,11.46871,21.492523,1.2339646,16.462982
399,regime,-1.7160461,2.145915,-1.2451676,1.3590375,3.287668,16.399622,0.57504195,14.173745
400,regime,-0.5320499,2.454175,-6.8512273,2.282061,11.328024,18.925402,-14.211262,17.587753
401,regime,-0.24659148,2.4462233,19.597088,1.2587285,12.070124,19.375774,14.483668,16.658117
402,regime,-1.1912942,2.43243,4.9487715,3.8387468,7.7786984,18.398703,5.439022,17.412306
403,regime,-1.0307559,1.8223046,6.881587,3.6544178,10.302936,16.062872,7.627748,9.432048
404,regime,-0.23837483,2.3054044,24.297382,1.176363,8.796178,19.771168,14.706557,19.004799
405,regime,-0.31575143,3.4871995,9.697266,1.6998298,10.181967,21.321812,9.610484,19.04426
406,regime,-2.1458242,1.1478283,11.200724,1.7638705,7.4799666,14.548065,8.989387,12.835743
407,regime,-1.034654,2.5291033,-7.389064,2.2336063,7.079896,19.480682,-6.114514,15.589004
408,regime,-1.1929352,2.0357149,-10.04769,-0.16507703,7.508833,16.6514,-13.366448,14.674131
409,regime,-1.9532849,2.0735354,-13.47962,0.49741307,6.21874,15.621625,-11.223016,13.136755
410,regime,-0.93435925,2.214622,22.628553,0.27269074,5.593056,17.92635,14.296868,19.185081
411,regime,-0.84971917,2.5511167,-11.460173,0.58060277,5.312329,19.636278,-11.312098,16.321125
412,regime,-0.8649846,2.0040677,-1.4282593,3.6655688,8.369526,16.293581,-5.207958,16.868217
413,regime,-0.9983146,2.1389146,-5.8427696,2.5620632,10.031806,18.478752,-5.63571,11.551215
414,regime,-0.5063345,2.3689225,-11.3733835,1.367263,6.7256427,21.459263,-6.5129647,11.069916
415,regime,-1.4053099,1.4730121,-7.132092,2.299353,5.768904,14.69621,-7.874925,17.672796
416,regime,-0.6468298,2.2769296,-14.65509,-0.1391287,8.316457,20.820705,-12.9032545,11.602736
417,regime,-0.017712083,2.7011626,-10.263901,2.100103,12.384934,22.15519,-9.953355,12.454083
418,regime,-0.6118083,2.7246037,12.803505,4.647405,7.5382705,21.93229,5.867567,13.138546
419,regime,-0.6982484,2.0770576,-6.9047427,1.7739437,10.856157,16.015825,-9.948003,16.519814
420,regime,-0.4369067,3.2325153,-10.961373,3.826411,9.294087,18.526161,-10.6452055,14.055833
421,regime,-1.9536645,1.4254236,-5.8334894,0.3706094,5.3142705,14.440714,-3.5359352,18.242537
422,regime,0.1909138,3.537407,14.675274,3.7572665,11.067719,21.731956,12.691887,18.15286
423,regime,-0.6375234,2.3290033,10.269318,2.1638296,13.031457,18.71965,6.0664845,14.784219
424,regime,-1.0375558,2.310635,-22.923325,2.097011,4.1282535,18.730217,-17.031643,12.309744
425,regime,-0.05597902,2.578435,14.965048,3.7980425,11.868922,19.738491,10.419329,19.45258
426,regime,-0.9989957,1.7786963,-0.28280014,2.6994996,10.747275,17.647116,1.5542635,11.615318
427,regime,-1.0001863,2.4123347,8.370907,2.7600324,5.1501627,17.939384,8.095898,15.115197
428,regime,-0.776236,2.060368,-13.379371,1.4527047,7.926389,19.42954,-11.8011675,11.755468
429,regime,-0.71479994,2.1033428,2.6037786,4.367152,11.898182,16.92191,2.6151235,14.487282
430,regime,0.038141068,2.6961617,-6.8096633,3.3427334,12.323732,20.904085,-4.963232,13.840621
431,regime,-1.4417887,2.3667428,-14.244648,3.2468586,4.169993,15.704284,-13.262528,10.738142
432,regime,-1.0600272,2.3551533,5.3870897,1.8943653,5.9586987,18.658089,4.506174,13.879524
433,regime,-1.0628109,1.9464427,30.0842,2.0723805,12.939847,18.141483,16.868988,18.266445
434,regime,-0.89504,2.5899684,-22.36612,3.7641017,8.803085,17.872753,-18.123194,12.553737
435,regime,-0.5393315,2.4027987,5.536978,3.27526,12.923948,19.876087,5.147716,16.759867
436,regime,-0.52493113,2.8724303,7.6425858,0.7172632,10.998058,20.034086,4.923563,15.223499
437,regime,-0.79606795,2.0567055,-0.32946426,3.1868396,10.848591,18.03583,-2.1485987,15.7785225
438,regime,-1.739315,1.4076569,20.088364,0.7059091,7.706143,15.158037,14.112623,18.868267
439,regime,-0.014284575,3.1161008,11.763847,3.3439708,9.051109,21.740723,6.8564367,16.839703
440,regime,-2.1179988,1.6116438,-10.885169,3.2798245,4.9706297,15.425783,-9.7708,13.842021
441,regime,-1.0341023,2.5583076,-18.526842,1.6403606,7.3340983,19.275303,-14.107218,12.373783
442,regime,-0.36574674,3.5372882,-27.702988,2.5350287,9.369337,23.567785,-18.623838,12.353798
443,regime,-1.2283472,2.8033326,0.7041859,0.11398552,3.823901,18.107225,-0.7595624,11.511065
444,regime,-0.23012392,2.5700803,-2.4098513,2.7560883,8.670326,19.729933,-3.9092987,15.326092
445,regime,-0.9889866,2.3378384,-2.1385736,4.840293,6.2428346,21.98259,-4.4734297,14.26078
446,regime,-1.7607855,2.1425498,4.014046,0.44493923,6.3254485,15.638521,2.189274,16.793888
447,regime,-0.0468862,2.9246755,-5.3539886,3.3038898,12.63718,20.396679,-7.483106,12.7189045
448,regime,-0.51573,1.8108932,-4.0657053,0.011013391,9.157241,19.335617,-2.0654354,19.037743
449,regime,0.24359731,3.4192357,14.841452,2.606401,11.091533,22.233644,11.4324665,19.057528
